Rename_A	ID|35 118a_cp32-13	ID|34 297_cp32-12	ID|31 B31_cp32-9	ID|23 B31cp26	ID|9 JD1_lp28-6	ID|12 B31_lp28-3	ID|10 N40_lp28-5	ID|28 JD1_cp32-6	ID|16 B31_lp21	ID|24 B31_cp32-1	ID|8 JD1_lp28-7	ID|20 B31_lp54	ID|29 B31_cp32-7	ID|11 B31_lp28-4	ID|5 B331_Ira_lp28-11	ID|25 B31_cp32-3	ID|21 WI91-23_lp56	ID|14 B31_lp28-1	ID|27 B31_cp32-5	ID|19 B31_lp38	ID|7 CA_28_lp28-8	ID|30 JD1_cp32-8	ID|26 B31_cp32-4	ID|6 Bol26_lp28-9	ID|18 B31_lp36	ID|33 N4>JD1_cp32-11
UMA1	0	1	1	1	1	1	1	1	1	0	0	1	1	1	0	1	0	1	1	1	0	0	1	0	1	1
UMA2	1	1	1	1	1	1	1	1	1	0	0	1	1	1	1	1	0	1	0	1	1	0	0	0	1	1
UMA3	0	1	1	1	1	1	1	1	1	0	0	1	1	1	0	1	0	1	1	1	0	0	1	0	1	1
UMA4	1	1	1	1	1	1	1	1	1	0	0	1	1	1	0	1	0	1	1	1	1	0	1	0	1	1
UMA5	0	1	1	1	1	1	1	1	1	0	0	1	0	1	0	0	0	1	1	1	1	1	0	0	1	1
UMA7	0	1	1	1	1	1	1	1	1	0	0	1	1	1	0	1	0	0	1	0	1	1	1	0	1	1
UMA8	0	1	1	1	1	1	1	1	1	1	1	1	1	1	1	1	1	1	1	1	0	0	0	0	1	1
UMA9	1	1	1	1	1	1	1	1	1	1	0	1	1	1	1	1	1	1	1	1	1	0	1	0	1	1
UMA10	0	1	1	1	1	1	1	1	1	1	0	1	1	1	0	1	0	1	1	1	1	1	1	0	1	1
UMA11	1	1	0	1	1	1	1	1	1	0	0	1	1	1	0	0	0	1	1	1	0	0	1	0	1	1
UMA12	0	1	1	1	1	1	1	1	1	1	0	1	1	1	1	1	1	1	1	1	0	0	0	0	1	1
UMA13	0	1	1	1	1	1	1	1	1	1	0	1	1	1	1	1	0	1	1	1	1	1	1	0	1	1
UMA14	0	0	1	1	1	1	0	1	1	0	0	1	1	1	1	1	1	1	1	1	0	0	0	0	1	1
UMA15	0	1	1	1	1	1	1	1	1	0	0	1	1	1	0	1	0	1	1	1	0	1	1	0	1	1
UMA16	0	0	1	1	1	1	1	1	0	1	0	1	1	1	0	1	0	1	1	0	1	1	0	0	1	1
URI17	0	0	1	1	1	1	1	1	0	1	0	1	1	1	0	1	0	1	1	0	1	1	0	0	1	1
URI19	0	1	1	1	1	1	1	1	1	1	0	1	1	1	0	1	0	1	1	1	1	1	1	0	1	1
URI20	1	1	1	1	1	1	1	1	1	1	0	1	1	1	0	1	0	1	1	1	1	1	1	0	1	1
URI22	0	0	0	1	1	1	0	1	1	0	0	1	1	1	0	1	0	0	0	1	1	1	0	0	1	1
URI23	0	1	1	1	1	1	1	1	1	0	0	1	1	1	0	1	1	1	1	1	0	0	1	0	1	1
URI24	0	1	1	1	1	1	1	1	1	1	0	1	1	1	1	1	1	1	1	1	0	0	0	0	1	1
ESI26	0	1	1	1	0	1	0	1	0	1	0	1	0	1	0	0	0	0	1	0	0	0	0	1	1	0
ESI28	0	1	1	1	0	1	0	0	0	1	0	1	0	1	0	0	0	0	1	0	0	0	0	1	1	0
UCT29	0	0	1	1	0	1	0	1	1	1	0	1	1	1	1	1	1	1	1	1	0	0	0	0	1	1
UCT30	0	1	1	1	1	1	1	1	1	0	0	1	1	1	0	1	0	1	1	1	0	0	0	0	1	1
UCT31	0	0	1	1	0	1	0	1	1	1	0	1	1	1	1	1	1	1	1	0	0	0	0	0	1	1
UCT32	0	1	1	1	1	1	1	1	1	0	0	1	1	1	0	1	0	1	1	1	0	1	1	0	1	1
URI33	0	0	0	1	0	1	0	1	1	0	0	1	0	1	0	0	0	0	1	1	1	1	0	0	1	1
URI34	1	1	0	1	1	1	1	1	0	0	0	1	1	1	0	0	0	0	0	1	0	0	1	0	1	0
UCT35	1	1	0	1	0	1	0	1	0	0	0	1	1	1	1	1	0	1	1	1	0	0	1	0	1	0
URI36	0	0	0	1	1	1	1	1	1	0	0	1	1	1	0	1	1	1	1	1	0	1	1	0	1	1
URI37	0	0	1	1	0	1	1	1	0	1	0	1	1	1	0	1	0	1	1	1	1	1	0	0	1	1
URI38	0	0	1	1	0	1	0	1	0	1	1	1	0	1	1	0	0	0	1	0	1	0	0	0	1	0
URI39	0	0	1	1	0	1	0	1	1	0	0	1	1	1	1	1	1	1	1	1	0	1	0	0	1	1
URI40	0	0	1	1	0	1	0	1	1	0	0	1	1	1	1	1	1	1	1	1	0	0	0	0	1	1
URI41	0	0	1	1	0	1	0	1	1	0	0	1	1	1	1	1	1	1	1	0	0	0	0	0	1	1
URI42	0	0	1	1	0	1	0	1	0	0	0	1	1	1	1	1	1	1	1	0	0	0	0	0	1	1
URI43	0	0	1	1	0	1	0	1	0	0	0	1	1	1	1	1	1	1	1	1	0	0	0	0	1	0
URI44	0	1	1	1	1	1	1	1	1	0	0	1	1	1	0	1	0	1	1	1	0	0	1	0	1	1
URI46	0	1	1	1	1	1	1	1	1	0	0	1	1	1	0	1	0	1	1	1	0	0	1	0	1	1
URI47	0	1	1	1	1	1	1	1	1	0	0	1	1	1	0	1	0	1	1	1	0	1	1	0	1	1
URI48	0	0	0	1	0	1	0	1	0	0	0	1	0	1	0	0	0	0	1	1	1	1	0	0	1	1
URI49	0	1	0	1	1	1	0	1	0	1	0	1	1	1	1	0	0	0	0	1	1	0	0	0	1	1
UCT50	1	1	1	1	0	0	0	1	0	0	0	1	1	1	0	0	0	0	1	1	0	0	0	0	1	0
UCT51	0	0	0	1	1	1	1	1	0	0	0	1	1	1	0	1	1	1	1	0	0	1	0	0	1	1
URI52	0	0	0	1	1	1	1	1	0	0	0	1	1	1	0	1	1	1	1	1	0	1	1	0	1	1
URI53	0	1	0	1	1	1	1	1	1	0	0	1	1	1	0	1	1	1	1	1	0	1	1	0	1	1
URI54	1	1	0	1	0	1	0	1	0	0	0	1	1	1	1	1	0	0	1	1	0	0	1	0	1	0
URI55	0	1	1	1	0	1	0	1	0	0	0	1	1	1	1	0	0	0	1	1	0	0	0	0	1	0
URI56	0	0	0	1	1	1	0	1	1	0	0	1	1	1	0	1	1	1	1	1	0	1	1	0	1	1
URI57	0	0	1	1	0	1	1	1	0	1	0	1	1	1	0	1	0	1	1	1	1	1	0	0	1	1
URI58	0	0	0	1	1	1	0	1	0	0	0	1	1	1	0	1	1	1	1	1	1	1	1	0	1	1
URI59	1	1	0	1	0	1	0	1	0	0	0	1	1	1	1	1	0	0	1	1	0	0	1	0	1	0
URI60	0	0	0	1	0	1	0	1	1	0	0	1	1	1	0	0	0	0	1	1	1	1	0	0	1	1
URI61	0	0	1	1	0	1	0	0	0	1	0	1	1	1	1	1	1	1	1	0	0	1	0	0	1	1
UCT62	0	1	1	1	1	1	1	1	1	0	0	1	1	1	1	1	0	0	1	0	0	0	0	0	1	1
URI63	0	0	1	1	0	0	0	1	1	0	0	1	1	1	1	1	1	1	1	1	0	1	0	0	1	1
URI64	0	1	1	1	1	1	1	1	1	0	0	1	1	1	0	1	0	1	1	1	0	0	1	0	1	1
URI65	0	0	1	1	0	1	0	1	1	1	0	1	1	1	1	1	1	1	1	1	0	1	0	0	1	1
UCT66	0	0	1	1	0	1	0	1	1	1	0	1	1	1	1	1	1	1	1	1	0	1	0	0	1	1
URI67	0	0	1	1	0	1	1	1	0	1	0	1	1	1	0	1	0	1	0	1	1	1	0	0	1	1
URI68	0	0	1	1	1	1	0	1	1	0	0	1	1	1	0	0	0	0	0	1	1	0	0	0	1	1
UCT69	0	1	1	1	1	1	1	1	0	1	0	1	1	1	0	1	0	1	0	0	1	1	0	0	1	1
URI70	0	0	1	1	0	1	1	1	0	1	0	1	1	1	0	1	0	1	1	1	1	1	0	0	1	1
URI71	0	1	1	1	1	1	1	1	1	0	0	1	1	1	0	1	0	1	1	1	0	0	1	0	1	1
URI72	0	1	1	1	0	1	0	1	0	0	0	1	1	1	1	1	1	1	1	1	0	1	0	0	1	1
UCT73	0	1	1	1	1	1	1	1	1	0	0	1	1	1	1	1	0	1	1	1	0	1	1	0	1	1
UCT74	0	0	1	1	0	1	0	1	1	1	0	1	1	1	1	1	1	1	1	1	0	1	0	0	1	1
URI75	0	0	1	1	0	1	0	1	1	1	0	1	1	1	1	1	1	1	1	1	0	1	0	0	1	1
UCT76	0	1	1	1	1	1	0	1	1	0	0	1	1	1	1	0	0	1	1	1	0	0	1	0	1	1
URI77	0	1	1	1	1	1	1	1	1	0	0	1	1	1	0	1	0	1	1	1	0	0	1	0	1	1
URI78	0	0	1	1	1	1	0	1	0	1	0	1	1	1	0	1	0	1	1	1	1	1	0	0	1	1
URI79	0	0	1	1	0	1	1	1	0	1	0	1	1	1	0	1	0	1	0	1	1	1	0	0	1	1
URI81	0	0	1	1	1	1	0	1	0	0	0	1	0	1	0	0	0	0	1	1	1	1	0	0	1	1
UCT83	0	1	1	1	1	1	1	1	1	0	0	1	1	1	1	1	0	1	1	1	0	0	1	0	1	1
URI84	0	1	1	1	1	1	1	1	1	1	0	1	1	1	0	1	0	1	1	1	1	1	1	0	1	1
URI85	0	0	1	1	1	1	0	1	0	0	0	1	0	1	0	0	0	0	1	1	1	1	0	0	1	1
URI86	0	1	1	1	1	1	1	1	1	0	0	1	1	1	0	0	0	1	1	1	0	0	1	0	1	1
URI87	0	0	1	1	0	1	1	1	0	0	0	1	1	1	1	1	1	1	1	1	0	0	0	0	1	1
URI88	0	1	0	1	1	1	0	1	1	1	0	1	1	1	1	1	0	1	1	1	0	1	1	0	1	1
URI89	0	0	1	1	0	1	0	1	1	1	0	1	1	1	1	1	1	1	1	1	0	1	0	0	1	1
URI90	1	0	0	1	0	1	0	1	0	0	0	1	0	1	1	0	0	0	1	1	1	1	0	0	1	1
URI91	0	1	1	1	0	1	1	1	1	1	0	1	1	1	1	1	1	1	1	1	0	1	0	0	1	1
UCT92	0	1	1	1	1	1	1	1	1	1	0	1	1	1	1	1	0	1	1	1	0	1	1	0	1	1
URI93	0	0	1	1	0	1	0	1	1	0	0	1	1	1	1	1	1	1	1	1	0	0	0	0	1	0
URI94	0	1	1	1	1	1	1	1	1	0	0	1	1	1	0	1	0	1	1	1	0	0	1	0	1	1
UCT96	0	0	1	1	0	1	1	1	0	1	0	1	1	1	0	1	0	1	0	1	1	1	0	0	1	1
URI97	0	1	1	0	1	1	1	1	1	0	0	1	1	1	0	1	0	1	1	1	0	0	1	0	1	1
URI98	0	1	1	1	1	1	1	1	1	0	0	1	1	1	0	1	0	1	1	1	0	0	0	0	1	1
URI99	0	1	1	1	0	1	1	1	1	0	0	1	1	1	1	0	0	0	0	1	1	0	0	0	1	1
URI100	0	0	1	1	0	1	1	1	0	1	0	1	1	1	0	1	0	1	0	1	1	1	0	0	1	1
URI101	0	0	1	1	1	1	1	1	1	0	0	1	1	1	1	1	1	1	1	1	0	0	0	0	1	1
URI102	0	0	1	1	0	1	0	1	0	0	0	1	1	1	1	1	1	1	1	1	0	0	0	0	1	0
URI103	0	1	1	1	1	1	1	1	1	0	0	1	1	1	0	1	0	1	1	1	0	0	1	0	1	1
UCT104	0	1	1	1	1	1	1	1	1	0	0	1	1	1	1	1	0	1	1	1	0	1	1	0	1	1
URI105	0	0	1	1	0	1	0	1	1	0	0	1	1	1	1	1	1	1	1	1	0	0	0	0	1	0
UCT106	0	0	1	1	1	1	0	1	0	1	0	1	1	1	0	0	0	0	0	1	1	0	0	0	1	1
URI107	0	0	1	1	0	1	0	1	0	0	0	1	1	1	1	1	1	1	1	1	0	0	0	0	1	1
URI108	0	0	1	1	0	1	1	1	0	1	0	1	1	1	0	1	0	1	0	1	1	1	0	0	1	1
UCT109	0	0	1	1	0	1	0	1	0	0	0	1	1	1	1	1	1	1	1	1	0	0	0	0	1	0
UCT110	0	1	1	1	1	1	1	1	1	0	0	1	1	1	0	1	0	1	1	1	0	1	1	0	1	1
URI111	0	0	1	1	0	1	0	1	1	0	0	1	1	1	1	1	1	1	1	1	0	0	0	0	1	1
URI112	0	1	1	1	1	1	1	1	1	0	0	1	1	1	0	1	0	1	1	1	0	1	1	0	1	1
UCT113	0	1	1	1	1	1	1	1	1	1	0	1	1	1	0	1	0	1	0	1	0	1	1	0	1	1
URI114	0	0	0	1	1	1	1	1	0	0	0	1	1	1	0	1	1	1	1	1	0	1	1	0	1	1
UCT115	0	1	1	1	1	1	1	0	0	1	0	1	1	1	0	1	0	1	1	1	0	1	1	0	1	1
URI116	0	1	1	1	1	1	1	1	1	0	0	1	1	1	0	1	0	1	1	1	1	1	1	0	1	1
URI117	0	1	1	1	1	1	1	1	1	0	0	1	1	1	0	1	0	1	1	1	0	0	1	0	1	1
URI118	0	1	1	1	1	1	1	1	1	0	0	1	1	1	0	1	0	1	1	0	0	0	0	0	1	1
URI119	0	1	1	1	0	1	0	1	0	0	0	1	0	1	1	1	1	1	1	1	0	0	0	0	1	1
URI120	0	1	1	1	0	1	0	1	1	1	0	1	1	1	1	1	1	1	1	1	0	1	0	0	1	1
UCT121	0	0	1	1	0	1	1	1	0	1	0	1	1	1	0	1	0	1	1	1	1	1	0	0	1	1
URI122	0	1	1	1	1	1	1	1	1	0	0	1	1	1	0	1	0	1	1	1	0	1	1	0	1	1
UMA127	0	1	1	1	1	1	1	1	0	1	0	1	1	1	1	1	0	1	1	1	0	1	1	0	1	1
UNY129	0	0	1	1	0	1	0	1	0	0	0	1	1	1	1	1	1	1	1	1	0	0	0	0	1	0
UNY130	0	1	1	1	1	1	1	1	1	0	0	1	1	1	0	1	0	1	1	0	0	1	0	0	1	1
UNY131	0	1	0	1	1	1	0	1	0	0	0	1	1	1	0	1	0	0	1	1	0	0	1	0	1	1
UNY132	0	0	0	1	1	1	0	1	1	1	0	1	1	1	1	1	1	1	1	1	0	1	1	0	1	1
UNY133	1	1	0	1	1	1	0	1	0	1	0	1	1	1	0	0	0	0	0	1	1	0	0	0	1	1
UNY134	0	0	1	1	0	1	0	1	0	0	0	1	0	1	0	0	0	0	0	1	1	1	0	0	1	1
UNY135	0	0	0	1	1	1	1	1	0	0	0	1	1	1	0	1	1	1	1	1	0	1	1	0	1	1
UNY136	0	1	1	1	0	1	0	1	0	0	0	1	1	1	0	0	0	0	1	1	0	0	0	0	1	0
UNY137	0	1	1	1	1	1	0	1	0	1	0	1	0	1	0	0	0	0	0	1	0	0	0	0	1	1
UNY138	0	0	0	1	0	1	0	1	0	0	0	1	0	1	0	0	0	0	1	1	1	1	0	0	1	1
UNY139	0	0	1	1	0	1	1	1	0	1	0	1	1	1	0	1	0	1	0	1	1	1	0	0	1	1
UNY140	0	1	1	1	0	1	0	1	0	0	0	1	1	1	0	0	0	0	1	1	0	0	0	0	1	0
UNY141	1	1	0	1	1	1	0	1	1	1	0	1	1	1	0	0	0	0	0	1	1	0	0	0	1	1
UNY142	0	1	0	1	1	1	0	1	0	0	0	1	1	1	0	1	0	0	1	1	0	0	1	0	1	1
UNY143	0	1	1	1	1	1	0	1	0	0	0	1	1	1	0	1	0	0	1	1	1	0	0	0	1	0
UNY144	0	0	0	1	0	1	0	1	0	0	1	1	1	1	0	0	1	0	1	0	1	0	0	0	1	1
UNY145	0	0	1	1	0	1	0	1	0	0	0	1	1	1	1	1	1	1	1	1	0	0	0	0	1	1
UNY146	0	1	1	1	1	1	1	1	1	1	0	1	1	1	0	1	0	1	1	1	0	1	1	0	1	1
UNY147	0	0	0	0	1	1	0	0	0	0	0	1	1	1	0	0	0	0	1	0	0	0	1	0	1	0
UNY148	0	1	0	1	1	1	1	1	0	1	0	1	1	1	0	1	0	1	1	1	0	1	1	0	1	1
UNY149	0	0	1	1	1	1	1	1	1	0	0	1	1	1	0	1	0	1	1	1	0	1	1	0	1	1
UNY150	0	0	1	1	0	1	1	1	0	1	0	1	1	1	0	1	0	1	0	1	1	1	0	0	1	1
UNY151	0	1	1	1	1	1	1	1	1	1	0	1	0	1	0	0	0	1	1	1	0	1	1	0	1	1
UNY153	0	0	1	1	0	1	0	1	0	0	0	1	1	1	1	1	1	1	1	1	0	0	0	0	1	1
UNY154	0	1	1	1	1	1	1	1	1	0	0	1	1	1	0	1	0	1	1	1	0	0	1	0	1	1
UNY155	0	1	1	1	1	1	1	1	1	0	0	1	1	1	0	1	0	1	1	1	0	1	1	0	1	1
UNY156	0	1	1	1	1	1	1	1	1	1	0	1	1	1	0	1	0	1	1	1	0	1	1	0	1	1
UNY157	0	0	1	1	0	1	1	1	0	1	0	1	1	1	0	1	0	1	1	1	1	1	0	0	1	1
UNY158	0	1	0	1	1	0	1	1	0	0	0	1	1	1	0	1	0	0	1	1	0	0	1	0	1	1
UNY159	0	0	0	1	0	1	0	1	0	0	1	1	1	1	0	0	1	0	1	0	1	1	0	0	1	1
UNY160	0	1	1	1	1	1	1	1	1	1	0	1	1	1	0	1	0	1	1	1	0	0	1	0	1	1
UNY161	0	0	1	1	0	1	0	1	0	1	0	1	1	1	1	1	1	1	1	1	0	1	0	0	1	1
UNY162	0	0	1	1	0	1	0	1	0	0	0	1	1	1	0	0	0	0	1	1	1	1	0	0	1	1
UNY163	0	0	1	1	0	1	1	1	0	1	0	1	1	1	0	1	0	1	0	1	1	1	0	0	1	1
UNY164	0	1	0	1	1	1	1	1	1	1	0	1	1	1	0	1	0	1	0	1	0	0	1	0	1	1
UNY165	1	1	0	1	0	1	0	1	1	0	0	1	1	1	1	1	0	0	1	1	0	0	1	0	1	0
UNY166	0	0	0	1	1	1	0	1	0	0	0	1	0	1	1	0	0	0	1	1	1	1	0	0	1	1
UNY167	0	0	0	1	1	1	0	1	0	0	0	1	1	0	1	1	1	0	1	1	0	1	1	0	1	1
UNY168	0	1	0	1	1	1	0	0	0	1	0	1	1	1	1	1	0	1	1	1	0	1	1	0	1	1
UNY169	0	1	1	1	1	1	0	1	0	0	0	1	1	1	0	0	0	0	1	1	0	0	0	0	1	0
UNY170	0	0	1	1	0	1	0	1	0	0	0	1	1	1	1	1	1	1	1	1	0	0	0	0	1	1
UNY171	1	0	0	1	1	1	0	1	0	1	0	1	1	1	0	0	0	0	0	1	1	0	0	0	1	0
UNY172	0	1	1	1	0	1	0	1	0	0	0	1	1	1	0	1	0	0	1	1	1	0	0	0	1	0
UNY173	1	1	0	1	1	1	0	1	0	0	0	1	1	1	0	0	0	0	0	1	0	0	1	0	1	0
UNY174	0	0	1	1	0	1	1	1	0	1	0	1	1	1	0	1	0	1	0	1	1	1	0	0	1	1
UNY175	0	1	0	1	0	1	0	1	0	0	0	1	1	1	0	1	0	0	1	1	0	0	1	0	1	0
UNY176	0	0	1	1	0	1	1	1	1	1	0	1	1	1	0	1	0	1	0	1	1	1	0	0	1	1
UNY177	0	1	1	1	1	1	1	1	1	0	0	1	1	1	0	1	0	1	1	1	0	0	1	0	1	1
UNY178	1	1	0	1	0	1	0	1	0	0	0	1	0	1	0	0	0	0	1	1	0	0	1	0	1	0
UNY179	0	0	1	1	1	1	1	1	1	0	0	1	0	1	0	1	0	1	1	1	0	1	1	0	1	1
UNY180	0	1	1	1	1	1	1	1	1	1	0	1	1	1	0	1	0	1	1	1	0	0	1	0	1	1
UNY181	0	1	1	1	1	1	1	1	1	0	0	1	1	1	1	1	0	1	1	1	0	0	1	0	1	1
UNY182	0	1	1	1	1	1	1	1	1	0	0	1	1	1	0	1	0	1	1	1	0	0	1	0	1	1
UNY183	0	0	0	1	1	1	0	1	0	0	0	1	1	1	1	1	1	1	1	1	0	1	1	0	1	1
UNY184	0	0	1	1	0	1	0	1	1	0	0	1	1	1	1	1	1	1	1	1	0	0	0	0	1	0
UNY185	0	1	1	1	1	1	0	1	1	0	0	1	1	1	0	1	0	1	1	1	0	1	1	0	1	1
UNY187	0	0	1	1	0	1	0	1	0	1	0	1	1	1	0	0	0	1	0	1	1	1	0	0	1	1
UNY188	0	1	1	1	1	1	1	1	1	0	0	1	1	1	0	1	0	1	1	1	0	0	1	0	1	1
UNY189	0	1	0	1	1	1	0	1	1	0	1	1	1	1	1	1	1	1	1	1	0	1	1	0	1	1
UNY190	0	0	1	1	0	1	1	1	0	1	0	1	1	1	0	1	0	1	1	1	1	1	0	0	1	1
UNY191	0	1	0	1	1	1	1	1	0	1	1	1	1	1	1	0	0	1	1	0	0	1	0	0	1	1
UNY192	0	1	1	1	0	1	0	1	1	0	0	1	1	1	1	0	1	1	1	1	0	0	0	0	1	1
UNY193	1	1	1	1	1	1	0	1	1	0	0	1	1	1	1	0	1	1	1	1	0	0	1	0	1	1
UNY194	0	1	1	1	1	1	1	1	1	0	0	1	1	1	0	1	0	1	1	1	0	1	1	0	1	1
UNY195	0	0	1	1	0	1	0	1	0	0	0	1	1	1	1	1	1	1	1	1	0	0	0	0	1	1
UNY196	0	0	0	1	1	1	0	1	1	0	0	1	1	0	0	0	1	0	1	1	0	0	1	0	1	0
UNY197	0	1	1	1	1	1	1	1	1	0	0	1	1	1	0	1	0	1	1	1	0	0	1	0	1	1
UNY199	0	1	1	1	0	1	0	1	0	0	0	1	1	1	0	0	0	0	1	1	0	0	0	0	1	0
UNY200	0	0	1	1	0	1	0	1	0	0	0	1	1	0	1	1	1	1	1	1	0	0	0	0	1	1
UNY201	0	0	1	0	1	1	0	1	0	0	0	1	1	1	0	0	0	0	1	0	0	0	1	0	1	0
UNY202	0	0	0	1	0	1	0	1	1	0	0	1	0	1	1	0	0	0	1	1	1	1	0	0	1	1
UNY203	1	1	0	1	1	1	0	1	0	0	0	1	1	1	1	0	0	0	1	1	0	0	1	0	1	0
UNY204	0	1	1	1	1	1	1	1	0	0	0	1	1	1	0	1	0	0	1	1	1	0	0	0	1	0
UNY205	0	0	0	1	1	1	0	1	0	0	0	1	1	1	0	1	1	1	1	1	0	1	1	0	1	1
UNY206	0	0	0	1	0	1	0	1	0	0	0	1	0	1	0	0	0	0	1	1	1	1	0	0	1	1
UNY207	0	1	0	1	1	1	1	1	0	1	0	1	0	1	1	0	0	1	1	1	0	1	1	0	1	1
UNY208	0	1	0	1	1	1	0	0	0	1	0	1	1	1	1	1	0	1	1	0	0	1	0	0	1	1
UNY209	0	0	0	1	1	1	0	1	0	0	0	1	1	1	1	1	1	1	1	1	0	1	1	0	1	1
UNY210	1	0	0	1	0	1	0	0	0	0	1	1	1	1	0	0	1	0	1	0	0	1	0	0	1	0
UNY211	0	1	1	1	1	1	1	1	1	1	0	1	1	1	0	1	0	1	1	1	0	0	1	0	1	1
UNY212	0	1	1	1	1	1	1	1	1	1	0	1	1	1	0	1	0	1	1	1	0	1	1	0	1	1
UNY213	1	1	0	1	1	1	0	1	1	1	0	1	0	1	1	0	0	0	0	0	1	0	0	0	1	1
UNY214	0	0	1	1	1	1	1	1	0	0	0	1	1	1	0	1	0	0	1	1	0	0	1	0	1	0
UNY215	1	1	0	1	0	1	1	1	0	0	0	1	1	1	0	1	0	0	1	1	0	0	1	0	1	0
UNY216	0	1	1	1	1	1	0	1	0	0	0	1	1	1	0	0	0	0	1	0	0	0	0	0	1	0
UNY217	0	0	1	1	0	1	0	1	0	1	1	1	0	1	0	0	1	0	1	0	1	0	0	0	1	0
UNY218	0	0	0	1	0	0	0	0	0	1	1	1	0	1	0	0	0	0	0	0	0	0	0	0	1	0
URI219	0	0	1	1	0	1	0	1	0	0	0	1	1	1	1	1	1	1	1	1	0	0	0	0	1	0
UWI220	1	0	1	1	0	1	1	1	0	0	0	1	1	1	0	0	0	0	1	1	1	0	0	0	1	1
UWI221	0	1	0	1	0	1	1	1	0	1	0	1	1	1	0	0	0	1	0	1	0	0	1	0	1	1
UWI222	0	1	0	1	0	1	0	1	0	1	0	1	1	1	0	1	0	1	0	1	0	0	1	0	1	1
UWI223	0	0	1	1	0	1	1	1	0	1	0	1	1	1	0	1	0	1	0	1	0	0	1	0	1	0
UWI224	0	0	0	1	0	1	1	1	0	1	0	1	1	1	0	1	0	1	0	1	0	0	1	0	1	1
UWI225	1	1	1	1	1	1	1	1	0	1	0	1	1	1	0	0	0	0	1	1	1	0	0	0	1	1
UWI226	0	1	1	1	0	1	0	1	0	1	0	1	0	1	0	1	0	0	1	1	1	0	0	0	1	0
UWI227	0	1	0	1	0	1	1	1	0	1	0	1	1	1	0	1	0	1	0	1	0	0	1	0	1	1
UWI228	0	0	1	1	0	1	1	1	0	1	0	1	1	1	0	1	0	1	0	1	0	0	1	0	1	0
UWI229	1	0	1	1	1	1	0	1	0	1	0	1	1	1	1	0	0	0	0	1	0	0	0	0	1	0
UWI230	1	0	0	1	0	1	0	1	0	0	0	1	0	1	0	0	0	0	1	1	1	0	0	0	1	0
UWI231	1	0	1	1	0	1	0	1	0	0	0	1	1	1	0	1	0	0	1	1	0	0	1	0	1	0
UWI232	0	0	1	1	0	1	1	1	0	1	0	1	1	1	0	0	0	1	0	1	0	1	1	0	1	0
UWI233	1	0	1	1	0	1	0	1	0	0	0	1	1	1	0	1	0	0	1	1	0	0	1	0	1	1
UWI234	0	0	1	1	1	1	1	1	0	0	0	1	0	1	0	1	0	1	1	1	0	1	1	0	1	1
UWI235	0	0	1	1	0	1	0	1	0	1	1	1	1	1	0	0	1	0	1	0	1	0	0	0	1	0
UWI236	0	0	1	1	1	1	0	1	0	0	0	1	0	1	0	0	0	0	1	1	0	0	1	0	1	1
UWI237	1	0	1	1	0	1	0	1	0	0	0	1	1	1	0	0	0	0	0	1	0	0	0	0	1	1
UWI238	0	0	1	1	1	1	1	1	0	0	0	1	0	1	0	1	0	1	1	1	0	1	1	0	1	1
UWI239	0	1	1	1	1	1	0	1	0	1	0	1	0	1	0	1	0	0	1	1	1	0	0	0	1	0
UWI240	1	1	1	1	0	1	0	1	0	0	0	1	0	1	0	0	0	0	1	1	0	0	0	0	1	0
UWI241	1	0	1	1	1	1	0	1	0	0	0	1	0	1	0	1	0	0	1	1	0	0	1	0	1	1
UWI242	0	1	1	1	0	1	0	1	0	0	0	1	0	1	0	1	0	1	0	1	0	0	0	0	1	1
UWI243	0	0	1	1	0	1	1	1	0	1	0	1	1	1	0	1	0	1	0	1	0	1	1	0	1	0
UWI244	0	1	1	1	0	1	0	1	0	1	0	1	0	1	0	1	1	1	1	1	0	0	0	0	1	1
UWI245	1	1	1	1	1	1	1	1	0	0	0	1	1	1	0	0	0	0	1	1	0	1	1	0	1	1
UWI246	1	0	0	1	1	1	0	1	0	0	0	1	0	1	0	0	0	0	1	1	1	0	0	0	1	1
UWI247	0	0	0	1	0	1	1	1	0	1	0	1	1	1	0	1	0	1	0	1	0	0	1	0	1	1
UWI248	0	1	0	1	0	1	1	1	0	1	0	1	1	1	0	1	0	1	0	1	0	0	1	0	1	1
UWI249	1	1	1	1	1	1	1	1	0	0	0	1	0	1	0	0	0	0	1	1	1	0	0	0	1	1
UWI250	0	1	0	1	1	1	1	1	0	1	0	1	1	1	0	0	0	1	0	1	0	0	1	0	1	1
UWI251	0	0	1	1	0	1	0	1	0	1	0	1	0	1	0	1	0	1	1	1	0	0	0	0	1	1
UWI252	0	0	0	1	0	1	1	0	0	0	0	1	0	1	0	0	0	1	0	1	0	0	1	0	1	0
UWI253	0	1	0	1	0	1	1	1	0	1	0	1	0	1	0	1	0	1	0	1	0	0	1	0	1	1
UWI254	0	1	0	1	0	1	1	1	0	1	0	1	0	1	0	0	0	1	0	1	0	0	1	0	1	0
UWI255	0	0	0	1	0	1	0	0	0	1	0	1	1	1	0	1	1	1	1	1	0	0	1	0	1	1
UWI256	0	0	1	1	1	1	1	1	0	0	0	1	0	1	0	1	0	1	0	1	0	1	1	0	1	1
UWI257	0	0	1	1	0	0	0	1	0	1	0	1	0	1	0	0	0	0	0	1	0	1	0	0	1	0
UWI258	1	0	1	1	0	1	0	1	0	1	0	1	0	1	0	0	0	0	0	1	0	1	0	0	1	0
UWI260	1	1	0	1	0	1	0	1	0	0	0	1	1	1	0	0	0	0	1	1	0	0	1	0	1	0
UWI261	0	1	1	1	0	1	0	1	0	0	0	1	0	1	0	1	0	1	0	1	0	0	0	0	1	1
UWI262	1	1	0	1	1	1	1	1	1	1	1	1	1	1	0	0	0	0	0	1	0	0	1	0	1	0
UWI263	0	0	1	1	0	1	1	1	0	0	0	1	0	1	0	1	0	1	1	1	0	0	1	0	1	0
UWI264	0	0	1	1	0	1	1	1	0	0	0	1	0	1	0	1	0	1	0	1	0	1	1	0	1	1
UWI265	0	1	1	1	0	1	1	1	0	1	0	1	1	1	0	0	0	1	0	1	0	0	1	0	1	0
UWI267	1	1	0	1	0	1	0	1	0	0	0	1	0	0	0	0	0	0	1	1	1	0	0	0	1	0
UWI268	0	0	0	1	0	1	0	1	0	1	0	1	1	1	0	1	1	1	1	0	0	0	0	0	1	1
UWI269	0	1	0	1	0	1	1	1	0	1	0	1	1	1	0	1	0	1	0	1	0	0	1	0	1	1
UWI270	1	1	0	1	1	1	0	1	0	0	1	1	1	1	0	0	0	0	0	1	0	0	1	0	1	0
UWI271	0	0	1	1	1	1	0	1	0	1	0	1	0	1	0	1	0	1	1	1	0	0	0	0	1	1
UWI272	0	0	0	0	0	1	0	0	0	0	0	1	0	1	0	0	0	1	0	1	0	0	0	0	1	0
UWI273	0	0	1	1	0	1	0	1	0	0	0	1	0	1	0	1	0	0	1	1	0	0	0	0	1	1
UWI274	1	1	0	1	1	1	0	1	0	1	0	1	1	1	0	0	0	0	0	1	0	0	1	0	1	0
UWI275	1	1	1	1	0	1	1	1	0	1	0	1	1	1	0	1	0	0	1	1	1	0	1	0	1	0
UWI276	1	0	1	1	1	1	0	1	0	0	0	1	1	1	0	0	0	0	0	1	0	0	0	0	1	0
UWI277	1	0	1	1	0	1	0	1	0	0	0	1	1	1	0	0	0	0	0	1	0	0	0	0	1	0
UWI278	0	1	0	1	0	1	1	1	0	1	0	1	1	1	0	0	0	1	0	1	0	0	1	0	1	1
UWI279	1	0	0	1	0	1	0	1	0	0	0	1	0	1	0	0	0	0	1	1	1	0	0	0	1	0
UWI280	0	1	0	1	0	1	1	1	0	1	0	1	1	1	0	0	0	1	0	1	0	0	1	0	1	1
UWI281	0	0	1	1	0	1	0	1	0	1	1	1	1	1	0	0	0	0	1	0	1	0	0	0	1	0
UWI282	0	1	1	1	0	1	0	1	0	0	0	1	0	1	0	1	0	0	0	1	0	0	0	0	1	1
UWI283	0	1	1	1	1	1	1	0	0	1	0	1	0	1	0	1	0	0	1	0	1	0	0	0	1	0
ESI284	0	0	1	1	0	1	0	0	0	1	0	1	0	1	0	0	0	0	1	0	0	0	0	1	1	0
ESI285	0	1	1	1	0	1	0	1	0	1	0	1	1	1	0	0	0	1	0	0	0	0	0	0	1	0
ESI286	0	1	1	1	0	1	0	1	0	1	0	1	0	1	0	1	0	1	0	0	0	0	0	0	1	0
ESI287	0	1	1	1	0	1	0	1	0	1	0	1	1	1	0	0	0	1	1	0	0	0	0	0	1	1
ESI288a	0	1	1	1	0	1	0	0	0	0	0	1	0	0	0	0	0	0	1	0	0	0	0	1	1	1
ESI289	0	1	1	1	0	1	0	1	0	1	0	1	1	1	0	0	0	1	1	0	0	0	0	0	1	0
ESI290	0	1	1	1	0	1	0	1	0	1	0	1	1	1	0	0	0	1	1	0	0	0	0	0	1	1
ESI291	0	1	1	1	0	1	0	1	0	1	0	1	1	1	0	0	0	0	1	0	0	0	0	0	1	0
ESI292	0	1	1	1	0	0	0	1	0	1	0	1	1	1	0	0	0	0	1	0	0	0	0	0	1	0
ESI294	0	1	1	1	0	1	0	1	0	1	0	1	1	1	0	0	0	1	1	0	0	0	0	0	1	1
ESI295	0	0	1	1	0	0	0	0	0	0	0	1	1	1	0	0	0	0	1	0	1	0	0	0	1	0
ESI297	0	1	1	1	0	1	0	1	0	0	0	1	1	1	0	0	0	1	1	0	0	0	0	0	1	1
ESI299	0	0	1	1	0	0	0	0	0	0	0	1	1	1	0	0	0	0	1	0	1	0	0	0	1	0
ESI300	0	0	0	1	0	0	0	0	0	0	0	1	1	1	0	0	0	0	1	0	0	0	0	0	1	1
ESI301	0	0	1	1	0	1	0	1	0	1	0	1	1	1	0	0	0	1	1	0	0	0	0	0	1	0
ESI303	0	1	1	1	0	1	0	1	0	1	0	1	1	1	0	0	0	1	1	0	0	0	0	0	1	0
ESI304	0	0	1	1	0	0	1	0	0	0	0	1	1	1	0	0	0	0	1	0	0	0	0	0	1	0
ESI305	0	1	1	1	0	1	0	1	0	1	0	1	1	1	0	0	0	1	0	0	0	0	0	0	1	0
ESI306	0	1	1	1	0	1	0	1	0	1	0	1	1	1	0	0	0	1	1	0	0	0	0	0	1	0
ESI307	0	1	1	1	0	1	0	1	0	1	0	1	1	1	0	0	0	1	1	0	0	0	0	0	1	0
ESI308	0	1	1	1	0	1	0	1	0	1	0	1	1	1	0	0	0	1	0	0	0	0	0	0	1	1
ESI309	0	1	1	1	0	1	0	0	0	0	0	1	1	1	0	0	0	0	1	0	0	0	0	1	1	1
ESI311	0	0	0	1	0	0	0	0	0	0	0	1	1	1	0	0	0	0	1	0	0	0	0	0	1	1
ESI312	0	0	1	1	0	0	1	0	0	0	0	1	1	1	0	0	0	0	1	0	1	0	0	0	1	0
ESI313	0	1	1	1	0	1	0	1	0	1	0	1	1	1	0	0	0	1	1	0	0	0	0	0	1	0
ESI314	0	1	1	1	0	1	0	1	0	1	0	1	1	1	0	0	0	1	0	0	0	0	0	0	1	0
ESI315	0	1	1	1	0	1	0	1	0	1	0	1	1	1	0	0	0	1	1	0	0	0	0	0	1	1
ESI316	0	0	1	1	0	0	1	0	0	0	0	1	1	1	0	0	0	0	1	0	1	0	0	0	1	0
ESI317	0	1	1	1	0	1	0	0	0	1	0	1	0	1	0	1	0	1	0	0	0	0	0	0	1	0
ESI318	0	1	1	1	0	1	0	1	0	1	0	1	1	1	0	0	0	1	1	0	0	0	0	0	1	0
ESI319	0	0	0	1	0	0	0	0	0	0	0	1	1	1	0	0	0	0	1	0	1	0	0	0	1	1
ESI320	0	1	0	1	0	1	0	0	0	0	0	1	1	1	0	0	0	0	1	0	0	0	0	1	1	0
ESI322	0	0	1	1	0	0	0	0	0	0	0	1	1	1	0	0	0	0	1	0	1	0	0	0	1	0
ESI323	0	0	1	1	0	0	0	0	0	0	0	1	1	1	0	0	0	0	1	0	1	0	0	0	1	0